{
  "urls": [
    "audio3.mp3",
    "audio3.ogg",
    "audio3.m4a"
  ],
  "sprite": {
    "CounterHi": [
      0,
      1901.609977324263
    ],
    "CounterLow": [
      2050,
      1017.9591836734696
    ],
    "CounterMed": [
      4100,
      1317.7097505668928
    ]
  }
}