{
  "urls": [
    "audio2.m4a",
    "audio2.mp3",
    "audio2.ogg"
  ],
  "sprite": {
    "ButtonBetUp": [
      0,
      191.2925170068027
    ],
    "ButtonGeneric": [
      1050,
      900.0000000000001
    ],
    "HelpPageOpen": [
      2100,
      1919.7732426303858
    ],
    "Match": [
      4150,
      2427.66439909297
    ]
  }
}